Workbook

Sheet Gulshan Dynasty Directory
A1: T | B1: Unit | C1: Status | D1: Owner | E1: Name | F1: Organization Name | G1: Email | H1: Phone 1 | I1: Rented To | J1: Legal Owner
A2: A | B2: 1 | D2: Owner | E2: Anil Anand | F2: HCA GARMENT MACINERY PVT LTD | G2: anilanand@grouphca.com | H2: 919810157990
A3: A | B3: 1 | D3: Owner | E3: Geeta Anand | H3: 919313308701
A4: A | B4: 2 | C4: Staying | D4: Owner | E4: Aastha Todi | H4: 919903355123 | J4: Piyyush Todi
A5: A | B5: 2 | C5: Staying | D5: Owner | E5: Piyyush Todi | F5: Piyyush Todi | G5: piyush.todi80@gmail.com | H5: 919830255123 | J5: Piyyush Todi
A6: A | B6: 101 | C6: Staying | D6: Owner | E6: Ajay Kumar Jain | F6: Bonjour | G6: avnikajain07@gmail.com | H6: 919810144155 | J6: Sweta Jain
A7: A | B7: 101 | C7: Staying | D7: Owner | E7: Saksham | H7: 918527966777 | J7: Sweta Jain
A8: A | B8: 101 | C8: Staying | D8: Owner | E8: Sweta Jain | H8: 919811250059 | J8: Sweta Jain
A9: A | B9: 102 | C9: Staying | D9: Owner | E9: Saksham Jain | J9: Saksham Jain
A10: A | B10: 201 | C10: Staying | D10: Owner | E10: Rohini goyal | H10: 919599004465 | J10: Varun Goyal
A11: A | B11: 201 | C11: Staying | D11: Owner | E11: Varun Goyal | G11: goyal.v81@gmail.com | H11: 919717193449 | J11: Varun Goyal
A12: A | B12: 202 | C12: Staying | D12: Owner | E12: Sanjay Tiku | J12: Sanjay Tiku
A13: A | B13: 301 | C13: Staying | D13: Owner | E13: Neena Rani Agrawal & Prasoon Garg | J13: Neena Rani Agrawal & Prasoon Garg
A14: A | B14: 401 | C14: Staying | D14: Owner | E14: Manu Pathak | H14: 919818113610 | J14: Rajnesh Pathak & Manu Pathak
A15: A | B15: 402 | C15: Rented | D15: Owner | E15: Alok Gupta | F15: Barefoot International | G15: alokgupta62@gmail.com | H15: 917002987662 | I15: Deepa Vohra | J15: Deepika Gupta, Kusum Lata Gupta & Alok Kumar Gupta
A16: A | B16: 402 | C16: Rented | D16: Owner | E16: Deepika Gupta | H16: 919910108722 | I16: Deepa Vohra | J16: Deepika Gupta, Kusum Lata Gupta & Alok Kumar Gupta
A17: A | B17: 501 | C17: Staying | D17: Owner | E17: Jitesh Wahaal | H17: 919999833779 | J17: Aarti Wahal
A18: A | B18: 501 | C18: Staying | D18: Owner | E18: Lata Ravi Wahaal | H18: 919312290624 | J18: Aarti Wahal
A19: A | B19: 502 | C19: Staying | D19: Owner | E19: A Wahaals | H19: 919999181468 | J19: Madhureema Wahal
A20: A | B20: 601 | C20: Staying | D20: Owner | E20: Priya Chugh | F20: Infinity Wealth Advisors | G20: Yogeshchugh785@gmail.com | H20: 919910194315 | J20: Yogesh Chugh
A21: A | B21: 601 | C21: Staying | D21: Owner | E21: Yogesh Chugh | F21: Infinity Wealth Advisors | G21: Yogeshchugh785@gmail.com | H21: 919717983001 | J21: Yogesh Chugh
A22: A | B22: 602 | C22: Staying | D22: Owner | E22: Sanjay Mittal | F22: Maya Industries | G22: chiragmittal13@gmail.com | H22: 919811079274 | J22: Mr. Sanjay Mittal
A23: A | B23: 702 | C23: Staying | D23: Owner | E23: Ayush Goel | G23: goelay@gmail.com | H23: 919999287859 | J23: Ayush Goel & Kumud Goel
A24: A | B24: 702 | C24: Staying | D24: Owner | E24: Kritika Goel | H24: 919999452987 | J24: Ayush Goel & Kumud Goel
A25: A | B25: 702 | C25: Staying | D25: Owner | E25: Sk Goel | H25: 919350545285 | J25: Ayush Goel & Kumud Goel
A26: A | B26: 801 | C26: Staying | D26: Owner | E26: Manjula Pandey | F26: P N D Global Logistics | G26: pankaj.mishra@pdgl.in | H26: 919717591231 | J26: Manjula Pandey
A27: A | B27: 801 | C27: Staying | D27: Owner | E27: Pankaj Mishra | H27: 919999960068 | J27: Manjula Pandey
A28: A | B28: 802 | C28: Staying | D28: Owner | E28: Lalit Kakrania | H28: 919873744055 | J28: Lalit Kakrania
A29: A | B29: 902 | C29: Staying | D29: Owner | E29: Rupal Gupta | J29: Rupal Gupta
A30: A | B30: 1001 | C30: Staying | D30: Owner | E30: Seema Jain | J30: Seema Jain
A31: A | B31: 1002 | C31: Staying | D31: Owner | E31: Brajesh Kumar | J31: Brajesh Kumar
A32: A | B32: 1101 | C32: Staying | D32: Owner | E32: Preeti Jain | H32: 919971444918 | J32: Ravinder Jain
A33: A | B33: 1101 | C33: Staying | D33: Owner | E33: Ravinder Jain | F33: Shalvi Enterprises | G33: ravinderjn44@gmail.com | H33: 919810173072 | J33: Ravinder Jain
A34: A | B34: 1102 | C34: Rented | D34: Owner | E34: Rajdeep Singh | I34: Anurag Bhati | J34: Rajdeep Singh
A35: A | B35: 1102 | C35: Rented | D35: Tenant | E35: Anurag Bhati | H35: 919971330700 | I35: Anurag Bhati | J35: Rajdeep Singh
A36: A | B36: 1102 | C36: Rented | D36: Tenant | E36: Nitika Pawar | H36: 919333939993 | I36: Anurag Bhati | J36: Rajdeep Singh
A37: A | B37: 1201 | C37: Staying | D37: Owner | E37: Lav jain | F37: Geburt plast pvt ltd | G37: lavj1712@gmail.com | H37: 919711142505 | J37: Priyanka Rajput & Abhishek Arora
A38: A | B38: 1202 | C38: Staying | D38: Owner | E38: Nishi Goel | H38: 919311145222 | J38: Surender Kumar Goel
A39: A | B39: 1202 | C39: Staying | D39: Owner | E39: Surender Kumar Goel | F39: Kishan Lal Surender Kumar | G39: arvind273@gmail.com | H39: 919810101222 | J39: Surender Kumar Goel
A40: A | B40: 1401 | C40: Staying | D40: Owner | E40: Ritika Kohli | H40: 919999700539 | J40: Rohit Kohli & Seema Kohli
A41: A | B41: 1401 | C41: Staying | D41: Owner | E41: Rohit Kohli | H41: 919810110049 | J41: Rohit Kohli & Seema Kohli
A42: A | B42: 1402 | C42: Staying | D42: Owner | E42: Deepali | H42: 447534449407 | J42: Rahul Srivastava
A43: A | B43: 1501 | C43: Staying | D43: Owner | E43: Ankur | H43: 919958595034 | J43: Subhash Jain & Arunima Jain
A44: A | B44: 1501 | C44: Staying | D44: Owner | E44: Arunima Jain | H44: 919811266118 | J44: Subhash Jain & Arunima Jain
A45: A | B45: 1501 | C45: Staying | D45: Owner | E45: Subhash Jain | G45: arunima22@gmail.com | H45: 919810687181 | J45: Subhash Jain & Arunima Jain
A46: A | B46: 1502 | C46: Staying | D46: Owner | E46: Amit Mehta | J46: Amit Mehta
A47: A | B47: 1601 | C47: Staying | D47: Owner | E47: Nikhil Tyagi | H47: 919873431662 | J47: Nikhil Kumar Tyagi
A48: A | B48: 1601 | C48: Staying | D48: Owner | E48: Shalini Tyagi | H48: 919643324247 | J48: Nikhil Kumar Tyagi
A49: A | B49: 1602 | C49: Staying | D49: Owner | E49: Arun Khetarpal | H49: 919910024941 | J49: Arun Khetarpal, Kamini Khetarpal & Ramesh Kumar Khetarpal
A50: A | B50: 1602 | C50: Staying | D50: Owner | E50: Kamini Khetarpal | H50: 919873391641 | J50: Arun Khetarpal, Kamini Khetarpal & Ramesh Kumar Khetarpal
A51: A | B51: 1602 | C51: Staying | D51: Owner | E51: Ramesh Khetarpal | H51: 919818085434 | J51: Arun Khetarpal, Kamini Khetarpal & Ramesh Kumar Khetarpal
A52: A | B52: 1701 | C52: Staying | D52: Owner | E52: Aman Varma | H52: 918447652223 | J52: Sneha Vardhan & Aman Varma
A53: A | B53: 1701 | C53: Staying | D53: Owner | E53: Sneha Vardhan | F53: Lawyer | G53: varma.aman@gmail.com | H53: 917738146751 | J53: Sneha Vardhan & Aman Varma
A54: A | B54: 1702 | C54: Staying | D54: Owner | E54: Ankita Yadav | H54: 919717862841 | J54: Mukesh Yadav & Anita Yadav
A55: A | B55: 1702 | C55: Staying | D55: Owner | E55: Mukesh Yadav | H55: 918860086605 | J55: Mukesh Yadav & Anita Yadav
A56: A | B56: 1802 | C56: Staying | D56: Owner | E56: Vikas | H56: 919810629080 | J56: Anita Dhawan & Vikas Dhawan
A57: A | B57: 2001 | C57: Staying | D57: Owner | E57: Aaxis Nano Technologies Pvt Ltd | J57: Aaxis Nano Technologies Pvt Ltd
A58: A | B58: 2002 | C58: Staying | D58: Owner | E58: Rajeev Sood | J58: Rajeev Sood
A59: A | B59: 2101 | C59: Staying | D59: Owner | E59: Amit Mittal | F59: Bajaj Energy | G59: namratakumari@gmail.com | H59: 919513945302 | J59: Amit Mittal & Namrata Mittal
A60: A | B60: 2101 | C60: Staying | D60: Owner | E60: Kiran Agrawal | H60: 918105616608 | J60: Amit Mittal & Namrata Mittal
A61: A | B61: 2101 | C61: Staying | D61: Owner | E61: Namrata Mittal | H61: 919833994209 | J61: Amit Mittal & Namrata Mittal
A62: A | B62: 2102 | C62: Staying | D62: Owner | E62: Sanjay Bhuttan | J62: Sanjay Bhuttan
A63: A | B63: 2201 | C63: Staying | D63: Owner | E63: Jugal Agarwal | H63: 919811116767 | J63: Ashish Agarwal
A64: A | B64: 2201 | C64: Staying | D64: Owner | E64: Saumya Aggarwal | H64: 919899309991 | J64: Ashish Agarwal
A65: A | B65: 2202 | C65: Staying | D65: Owner | E65: Reeta Mittal Gupta | G65: salilswarup@hotmail.com | H65: 919871330342 | J65: vansh Aggarwal
A66: A | B66: 2202 | C66: Staying | D66: Owner | E66: Salil Swarup | H66: 919871488022 | J66: vansh Aggarwal
A67: A | B67: 2301 | C67: Staying | D67: Owner | E67: Gaurav Sharma | F67: Gaurav Sharma | G67: tinagsharma@gmail.com | H67: 918130930729 | J67: Gaurav Sharma
A68: A | B68: 2301 | C68: Staying | D68: Owner | E68: Tina Sharma | H68: 919650712244 | J68: Gaurav Sharma
A69: A | B69: 2302 | C69: Staying | D69: Owner | E69: Monila Juneja | H69: 919560995910 | J69: Vikas Juneja
A70: A | B70: 2302 | C70: Staying | D70: Owner | E70: Vikas Juneja | F70: BENCHMARK LIFESTYLE SOLUTIONS PVT LTD | G70: vikas@benchmarklifestyle.com | H70: 919811204877 | J70: Vikas Juneja
A71: A | B71: 2401 | C71: Staying | D71: Owner | E71: Rachit Agarwal | F71: Algoworks | G71: arachit@gmail.com | H71: 919910262494 | J71: Rachit Agarwal
A72: A | B72: 2401 | C72: Staying | D72: Owner | E72: Swati And Rachit | H72: 919810769056 | J72: Rachit Agarwal
A73: A | B73: 2402 | C73: Staying | D73: Owner | E73: Manoj Bansal | F73: Skydecor laminates | G73: manoj4506@gmail.com | H73: 919810018122 | J73: Manoj Bansal & Shikha Bansal
A74: A | B74: 2402 | C74: Staying | D74: Owner | E74: Shikha bansal | H74: 919958986390 | J74: Manoj Bansal & Shikha Bansal
A75: A | B75: 2501 | C75: Staying | D75: Owner | E75: Arjun | H75: 919811727979 | J75: Sakshi Sachdev / Arjun Singh
A76: A | B76: 2501 | C76: Staying | D76: Owner | E76: Sakshi | H76: 919810667845 | J76: Sakshi Sachdev / Arjun Singh
A77: A | B77: 2502 | C77: Staying | D77: Owner | E77: Gaurav Malik | G77: gmalil@gmail.com | H77: 919560238800 | J77: Gaurav Malik & Meenal Amit Kumar
A78: A | B78: 2502 | C78: Staying | D78: Owner | E78: Meenal Kumar | H78: 919560928800 | J78: Gaurav Malik & Meenal Amit Kumar
A79: A | B79: 2601 | C79: Staying | D79: Owner | E79: Dolly J | H79: 919313054348 | J79: Dolly Jhunjhunwala
A80: A | B80: 2602 | C80: Staying | D80: Owner | E80: Pervez Bajan | H80: 919810806296 | J80: Pervez Bajan
A81: A | B81: 2701 | C81: Staying | D81: Owner | E81: Shaurya Pandey | J81: Shaurya Pandey
A82: A | B82: 2702 | C82: Staying | D82: Owner | E82: Anand Narasimhan | F82: News18 Network | G82: narasimhan.anand@gmail.com | H82: 919930813535 | J82: Nisha Vishwanath & Anand Narasimhan
A83: A | B83: 2702 | C83: Staying | D83: Owner | E83: Nisha Vishwanath | H83: 919820040818 | J83: Nisha Vishwanath & Anand Narasimhan
A84: A | B84: 2801 | C84: Staying | D84: Owner | E84: Shashank Shrivastav | H84: 919920428066 | J84: Mrs. Sonal Srivastva & Mr. Shashank Srivastava
A85: A | B85: 2801 | C85: Staying | D85: Owner | E85: Sonal Shrivastav | G85: tutamkhanem@gmail.com | H85: 917666901002 | J85: Mrs. Sonal Srivastva & Mr. Shashank Srivastava
A86: A | B86: 2802 | C86: Staying | D86: Owner | E86: Kusha Chopra | H86: 919560072064 | J86: Kusha Chopra & Siddharth Prakash Singh
A87: A | B87: 2802 | C87: Staying | D87: Owner | E87: Siddharth Singh | F87: Adobe | G87: spsneo@gmail.com | H87: 918197985275 | J87: Kusha Chopra & Siddharth Prakash Singh
A88: A | B88: 2902 | C88: Staying | D88: Owner | E88: Deepak Mehta | F88: IGX | G88: mehtdeepak@gmail.com | H88: 919892700008 | J88: Deepak Mehta
A89: A | B89: 2902 | C89: Staying | D89: Owner | E89: Shaveta Mehta | H89: 919820118717 | J89: Deepak Mehta
A90: A | B90: 3001 | C90: Staying | D90: Owner | E90: Bhanu Binani | H90: 919310011010 | J90: Bhanu Binani
A91: A | B91: 3001 | C91: Staying | D91: Owner | E91: Bhanu Binani Wife | F91: Falcon Printographics Pvt. Ltd | H91: 919310111010 | J91: Bhanu Binani
A92: A | B92: 3001 | C92: Staying | D92: Owner | E92: Shivangi Binani | H92: 919311411010 | J92: Bhanu Binani
A93: A | B93: 3002 | C93: Staying | D93: Owner | E93: Dalip Bhyana | H93: 919773895019 | J93: Neha Bhayana
A94: A | B94: 3002 | C94: Staying | D94: Owner | E94: Neelam Bhayana | H94: 918800098815 | J94: Neha Bhayana
A95: A | B95: 3002 | C95: Staying | D95: Owner | E95: Neha Bhayana | H95: 16509338215 | J95: Neha Bhayana
A96: A | B96: 3102 | C96: Staying | D96: Owner | E96: Anuj Mathur | F96: Manch Communications Pvt Ltd | G96: anuj.manch@gmail.com | H96: 919910776058 | J96: Anuj Mathur & Megha Mathur
A97: A | B97: 3102 | C97: Staying | D97: Owner | E97: Megha Mathur | H97: 918800586881 | J97: Anuj Mathur & Megha Mathur
A98: A | B98: 3201 | D98: Owner | E98: Anand jain | F98: Triumph | G98: anandrsj@gmail.com | H98: 918377831194
A99: A | B99: 3201 | D99: Owner | E99: Puneet jain | H99: 911123280542
A100: A | B100: 3202 | C100: Staying | D100: Owner | E100: Jaspreet Singh Mehta | F100: Persistent | G100: navleenmehta24@gmail.com | H100: 919717941111 | J100: Jaspreet Singh Mehta
...

Sheet Chetan LIst
B1: Tower | C1: Unit | D1: Owner | E1: Tenant
A2: =_xlfn.CONCAT(B2:C2) -> A2 | B2: A | C2: 2 | D2: Piyyush Todi | F2: =VLOOKUP(A2,'Gulshan Dynasty Directory'!A:E,6,0) -> #N/A | G2: =F2=D2 -> #N/A
A3: =_xlfn.CONCAT(B3:C3) -> A101 | B3: A | C3: 101 | D3: Sweta Jain | F3: =VLOOKUP(A3,'Gulshan Dynasty Directory'!A:E,6,0) -> #N/A | G3: =F3=D3 -> #N/A
A4: =_xlfn.CONCAT(B4:C4) -> A102 | B4: A | C4: 102 | D4: Saksham Jain | F4: =VLOOKUP(A4,'Gulshan Dynasty Directory'!A:E,6,0) -> #N/A | G4: =F4=D4 -> #N/A
A5: =_xlfn.CONCAT(B5:C5) -> A201 | B5: A | C5: 201 | D5: Varun Goyal | F5: =VLOOKUP(A5,'Gulshan Dynasty Directory'!A:E,6,0) -> #N/A | G5: =F5=D5 -> #N/A
A6: =_xlfn.CONCAT(B6:C6) -> A202 | B6: A | C6: 202 | D6: Sanjay Tiku | F6: =VLOOKUP(A6,'Gulshan Dynasty Directory'!A:E,6,0) -> #N/A | G6: =F6=D6 -> #N/A
A7: =_xlfn.CONCAT(B7:C7) -> A301 | B7: A | C7: 301 | D7: Neena Rani Agrawal & Prasoon Garg | F7: =VLOOKUP(A7,'Gulshan Dynasty Directory'!A:E,6,0) -> #N/A | G7: =F7=D7 -> #N/A
A8: =_xlfn.CONCAT(B8:C8) -> A401 | B8: A | C8: 401 | D8: Rajnesh Pathak & Manu Pathak | F8: =VLOOKUP(A8,'Gulshan Dynasty Directory'!A:E,6,0) -> #N/A | G8: =F8=D8 -> #N/A
A9: =_xlfn.CONCAT(B9:C9) -> A402 | B9: A | C9: 402 | D9: Deepika Gupta, Kusum Lata Gupta & Alok Kumar Gupta | E9: Deepa Vohra (Tenant) | F9: =VLOOKUP(A9,'Gulshan Dynasty Directory'!A:E,6,0) -> #N/A | G9: =F9=D9 -> #N/A
A10: =_xlfn.CONCAT(B10:C10) -> A501 | B10: A | C10: 501 | D10: Aarti Wahal | F10: =VLOOKUP(A10,'Gulshan Dynasty Directory'!A:E,6,0) -> #N/A | G10: =F10=D10 -> #N/A
A11: =_xlfn.CONCAT(B11:C11) -> A502 | B11: A | C11: 502 | D11: Madhureema Wahal | F11: =VLOOKUP(A11,'Gulshan Dynasty Directory'!A:E,6,0) -> #N/A | G11: =F11=D11 -> #N/A
A12: =_xlfn.CONCAT(B12:C12) -> A601 | B12: A | C12: 601 | D12: Yogesh Chugh | F12: =VLOOKUP(A12,'Gulshan Dynasty Directory'!A:E,6,0) -> #N/A | G12: =F12=D12 -> #N/A
A13: =_xlfn.CONCAT(B13:C13) -> A602 | B13: A | C13: 602 | D13: Mr. Sanjay Mittal | F13: =VLOOKUP(A13,'Gulshan Dynasty Directory'!A:E,6,0) -> #N/A | G13: =F13=D13 -> #N/A
A14: =_xlfn.CONCAT(B14:C14) -> A702 | B14: A | C14: 702 | D14: Ayush Goel & Kumud Goel | F14: =VLOOKUP(A14,'Gulshan Dynasty Directory'!A:E,6,0) -> #N/A | G14: =F14=D14 -> #N/A
A15: =_xlfn.CONCAT(B15:C15) -> A801 | B15: A | C15: 801 | D15: Manjula Pandey | F15: =VLOOKUP(A15,'Gulshan Dynasty Directory'!A:E,6,0) -> #N/A | G15: =F15=D15 -> #N/A
A16: =_xlfn.CONCAT(B16:C16) -> A802 | B16: A | C16: 802 | D16: Lalit Kakrania | F16: =VLOOKUP(A16,'Gulshan Dynasty Directory'!A:E,6,0) -> #N/A | G16: =F16=D16 -> #N/A
A17: =_xlfn.CONCAT(B17:C17) -> A902 | B17: A | C17: 902 | D17: Rupal Gupta | F17: =VLOOKUP(A17,'Gulshan Dynasty Directory'!A:E,6,0) -> #N/A | G17: =F17=D17 -> #N/A
A18: =_xlfn.CONCAT(B18:C18) -> A1001 | B18: A | C18: 1001 | D18: Seema Jain | F18: =VLOOKUP(A18,'Gulshan Dynasty Directory'!A:E,6,0) -> #N/A | G18: =F18=D18 -> #N/A
A19: =_xlfn.CONCAT(B19:C19) -> A1002 | B19: A | C19: 1002 | D19: Brajesh Kumar | F19: =VLOOKUP(A19,'Gulshan Dynasty Directory'!A:E,6,0) -> #N/A | G19: =F19=D19 -> #N/A
A20: =_xlfn.CONCAT(B20:C20) -> A1101 | B20: A | C20: 1101 | D20: Ravinder Jain | F20: =VLOOKUP(A20,'Gulshan Dynasty Directory'!A:E,6,0) -> #N/A | G20: =F20=D20 -> #N/A
A21: =_xlfn.CONCAT(B21:C21) -> A1102 | B21: A | C21: 1102 | D21: Rajdeep Singh | E21: Anurag Bhati (Tenant) | F21: =VLOOKUP(A21,'Gulshan Dynasty Directory'!A:E,6,0) -> #N/A | G21: =F21=D21 -> #N/A
A22: =_xlfn.CONCAT(B22:C22) -> A1201 | B22: A | C22: 1201 | D22: Priyanka Rajput & Abhishek Arora | F22: =VLOOKUP(A22,'Gulshan Dynasty Directory'!A:E,6,0) -> #N/A | G22: =F22=D22 -> #N/A
A23: =_xlfn.CONCAT(B23:C23) -> A1202 | B23: A | C23: 1202 | D23: Surender Kumar Goel | F23: =VLOOKUP(A23,'Gulshan Dynasty Directory'!A:E,6,0) -> #N/A | G23: =F23=D23 -> #N/A
A24: =_xlfn.CONCAT(B24:C24) -> A1401 | B24: A | C24: 1401 | D24: Rohit Kohli & Seema Kohli | F24: =VLOOKUP(A24,'Gulshan Dynasty Directory'!A:E,6,0) -> #N/A | G24: =F24=D24 -> #N/A
A25: =_xlfn.CONCAT(B25:C25) -> A1402 | B25: A | C25: 1402 | D25: Rahul Srivastava | F25: =VLOOKUP(A25,'Gulshan Dynasty Directory'!A:E,6,0) -> #N/A | G25: =F25=D25 -> #N/A
A26: =_xlfn.CONCAT(B26:C26) -> A1501 | B26: A | C26: 1501 | D26: Subhash Jain & Arunima Jain | F26: =VLOOKUP(A26,'Gulshan Dynasty Directory'!A:E,6,0) -> #N/A | G26: =F26=D26 -> #N/A
A27: =_xlfn.CONCAT(B27:C27) -> A1502 | B27: A | C27: 1502 | D27: Amit Mehta | F27: =VLOOKUP(A27,'Gulshan Dynasty Directory'!A:E,6,0) -> #N/A | G27: =F27=D27 -> #N/A
A28: =_xlfn.CONCAT(B28:C28) -> A1601 | B28: A | C28: 1601 | D28: Nikhil Kumar Tyagi | F28: =VLOOKUP(A28,'Gulshan Dynasty Directory'!A:E,6,0) -> #N/A | G28: =F28=D28 -> #N/A
A29: =_xlfn.CONCAT(B29:C29) -> A1602 | B29: A | C29: 1602 | D29: Arun Khetarpal, Kamini Khetarpal & Ramesh Kumar Khetarpal | F29: =VLOOKUP(A29,'Gulshan Dynasty Directory'!A:E,6,0) -> #N/A | G29: =F29=D29 -> #N/A
A30: =_xlfn.CONCAT(B30:C30) -> A1701 | B30: A | C30: 1701 | D30: Sneha Vardhan & Aman Varma | F30: =VLOOKUP(A30,'Gulshan Dynasty Directory'!A:E,6,0) -> #N/A | G30: =F30=D30 -> #N/A
A31: =_xlfn.CONCAT(B31:C31) -> A1702 | B31: A | C31: 1702 | D31: Mukesh Yadav & Anita Yadav | F31: =VLOOKUP(A31,'Gulshan Dynasty Directory'!A:E,6,0) -> #N/A | G31: =F31=D31 -> #N/A
A32: =_xlfn.CONCAT(B32:C32) -> A1802 | B32: A | C32: 1802 | D32: Anita Dhawan & Vikas Dhawan | F32: =VLOOKUP(A32,'Gulshan Dynasty Directory'!A:E,6,0) -> #N/A | G32: =F32=D32 -> #N/A
A33: =_xlfn.CONCAT(B33:C33) -> A2001 | B33: A | C33: 2001 | D33: Aaxis Nano Technologies Pvt Ltd | F33: =VLOOKUP(A33,'Gulshan Dynasty Directory'!A:E,6,0) -> #N/A | G33: =F33=D33 -> #N/A
... A59: =_xlfn.CONCAT(B59:C59) -> B2 | B59: B | C59: 2 | D59: Payal Yadav / Akshar Yadav | F59: =VLOOKUP(A59,'Gulshan Dynasty Directory'!A:E,6,0) -> #N/A | G59: =F59=D59 -> #N/A
A60: =_xlfn.CONCAT(B60:C60) -> B101 | B60: B | C60: 101 | D60: Shakuntala Devi | E60: Gurveer & Puneet Kaur (Tenant) | F60: =VLOOKUP(A60,'Gulshan Dynasty Directory'!A:E,6,0) -> #N/A | G60: =F60=D60 -> #N/A
A61: =_xlfn.CONCAT(B61:C61) -> B102 | B61: B | C61: 102 | D61: Manoj Jhalani & Honey Jhalani | E61: Mohit Goel (Tenant) | F61: =VLOOKUP(A61,'Gulshan Dynasty Directory'!A:E,6,0) -> #N/A | G61: =F61=D61 -> #N/A
A62: =_xlfn.CONCAT(B62:C62) -> B201 | B62: B | C62: 201 | D62: Aarushi Vikram | F62: =VLOOKUP(A62,'Gulshan Dynasty Directory'!A:E,6,0) -> #N/A | G62: =F62=D62 -> #N/A
A63: =_xlfn.CONCAT(B63:C63) -> B202 | B63: B | C63: 202 | D63: Geetika Agarwal & Nitin Kumar Gupta | F63: =VLOOKUP(A63,'Gulshan Dynasty Directory'!A:E,6,0) -> #N/A | G63: =F63=D63 -> #N/A
A64: =_xlfn.CONCAT(B64:C64) -> B301 | B64: B | C64: 301 | D64: Beena Lawania | F64: =VLOOKUP(A64,'Gulshan Dynasty Directory'!A:E,6,0) -> #N/A | G64: =F64=D64 -> #N/A
A65: =_xlfn.CONCAT(B65:C65) -> B302 | B65: B | C65: 302 | D65: Harish Kumar Goyal & Vanita Goyal | F65: =VLOOKUP(A65,'Gulshan Dynasty Directory'!A:E,6,0) -> #N/A | G65: =F65=D65 -> #N/A
A66: =_xlfn.CONCAT(B66:C66) -> B401 | B66: B | C66: 401 | D66: Kuljit Kaur | F66: =VLOOKUP(A66,'Gulshan Dynasty Directory'!A:E,6,0) -> #N/A | G66: =F66=D66 -> #N/A
A67: =_xlfn.CONCAT(B67:C67) -> B402 | B67: B | C67: 402 | D67: Sushant Sinha | F67: =VLOOKUP(A67,'Gulshan Dynasty Directory'!A:E,6,0) -> #N/A | G67: =F67=D67 -> #N/A
A68: =_xlfn.CONCAT(B68:C68) -> B501 | B68: B | C68: 501 | D68: Amit Bhandari | F68: =VLOOKUP(A68,'Gulshan Dynasty Directory'!A:E,6,0) -> #N/A | G68: =F68=D68 -> #N/A
A69: =_xlfn.CONCAT(B69:C69) -> B502 | B69: B | C69: 502 | D69: Cl Kushagra Vaish | F69: =VLOOKUP(A69,'Gulshan Dynasty Directory'!A:E,6,0) -> #N/A | G69: =F69=D69 -> #N/A
A70: =_xlfn.CONCAT(B70:C70) -> B601 | B70: B | C70: 601 | D70: Balvinder Singh | F70: =VLOOKUP(A70,'Gulshan Dynasty Directory'!A:E,6,0) -> #N/A | G70: =F70=D70 -> #N/A
A71: =_xlfn.CONCAT(B71:C71) -> B602 | B71: B | C71: 602 | D71: Anshul Agarwal & Neha Agarwal | E71: Ananya Choudhary (Tenant) | F71: =VLOOKUP(A71,'Gulshan Dynasty Directory'!A:E,6,0) -> #N/A | G71: =F71=D71 -> #N/A
A72: =_xlfn.CONCAT(B72:C72) -> B701 | B72: B | C72: 701 | D72: Sapna Jain | F72: =VLOOKUP(A72,'Gulshan Dynasty Directory'!A:E,6,0) -> #N/A | G72: =F72=D72 -> #N/A
A73: =_xlfn.CONCAT(B73:C73) -> B702 | B73: B | C73: 702 | D73: Vibhor Gupta & Rashi Aggarwal | F73: =VLOOKUP(A73,'Gulshan Dynasty Directory'!A:E,6,0) -> #N/A | G73: =F73=D73 -> #N/A
A74: =_xlfn.CONCAT(B74:C74) -> B801 | B74: B | C74: 801 | D74: Mukesh Singla | F74: =VLOOKUP(A74,'Gulshan Dynasty Directory'!A:E,6,0) -> #N/A | G74: =F74=D74 -> #N/A
A75: =_xlfn.CONCAT(B75:C75) -> B802 | B75: B | C75: 802 | D75: Ashish Saini | F75: =VLOOKUP(A75,'Gulshan Dynasty Directory'!A:E,6,0) -> #N/A | G75: =F75=D75 -> #N/A
A76: =_xlfn.CONCAT(B76:C76) -> B902 | B76: B | C76: 902 | D76: Tripti Gupta | F76: =VLOOKUP(A76,'Gulshan Dynasty Directory'!A:E,6,0) -> #N/A | G76: =F76=D76 -> #N/A
A77: =_xlfn.CONCAT(B77:C77) -> B1001 | B77: B | C77: 1001 | D77: Abhinav Gupta & Vidhi Bansal Gupta | F77: =VLOOKUP(A77,'Gulshan Dynasty Directory'!A:E,6,0) -> #N/A | G77: =F77=D77 -> #N/A
A78: =_xlfn.CONCAT(B78:C78) -> B1002 | B78: B | C78: 1002 | D78: Deepak Jindal | F78: =VLOOKUP(A78,'Gulshan Dynasty Directory'!A:E,6,0) -> #N/A | G78: =F78=D78 -> #N/A
A79: =_xlfn.CONCAT(B79:C79) -> B1202 | B79: B | C79: 1202 | D79: Amit Kumar Jha | F79: =VLOOKUP(A79,'Gulshan Dynasty Directory'!A:E,6,0) -> #N/A | G79: =F79=D79 -> #N/A
A80: =_xlfn.CONCAT(B80:C80) -> B1402 | B80: B | C80: 1402 | D80: Jagdish Nagpal | F80: =VLOOKUP(A80,'Gulshan Dynasty Directory'!A:E,6,0) -> #N/A | G80: =F80=D80 -> #N/A
A81: =_xlfn.CONCAT(B81:C81) -> B1502 | B81: B | C81: 1502 | D81: Rajdeep Singh- FTTC Projects Pvt Ltd | F81: =VLOOKUP(A81,'Gulshan Dynasty Directory'!A:E,6,0) -> #N/A | G81: =F81=D81 -> #N/A
A82: =_xlfn.CONCAT(B82:C82) -> B1602 | B82: B | C82: 1602 | D82: Vishal Rakheja | F82: =VLOOKUP(A82,'Gulshan Dynasty Directory'!A:E,6,0) -> #N/A | G82: =F82=D82 -> #N/A
A83: =_xlfn.CONCAT(B83:C83) -> B1701 | B83: B | C83: 1701 | D83: Parul SinghaL | F83: =VLOOKUP(A83,'Gulshan Dynasty Directory'!A:E,6,0) -> #N/A | G83: =F83=D83 -> #N/A
... A92: =_xlfn.CONCAT(B92:C92) -> B2102 | B92: B | C92: 2102 | D92: Preeti Goyal | F92: =VLOOKUP(A92,'Gulshan Dynasty Directory'!A:E,6,0) -> #N/A | G92: =F92=D92 -> #N/A
A93: =_xlfn.CONCAT(B93:C93) -> B2201 | B93: B | C93: 2201 | D93: Rajeev Sharma & Ashu Sharma | E93: Kunal Jaggi (Tenant) | F93: =VLOOKUP(A93,'Gulshan Dynasty Directory'!A:E,6,0) -> #N/A | G93: =F93=D93 -> #N/A
A94: =_xlfn.CONCAT(B94:C94) -> B2202 | B94: B | C94: 2202 | D94: Sonu Gupta | F94: =VLOOKUP(A94,'Gulshan Dynasty Directory'!A:E,6,0) -> #N/A | G94: =F94=D94 -> #N/A
A95: =_xlfn.CONCAT(B95:C95) -> B2301 | B95: B | C95: 2301 | D95: Vivek Khare | F95: =VLOOKUP(A95,'Gulshan Dynasty Directory'!A:E,6,0) -> #N/A | G95: =F95=D95 -> #N/A
A96: =_xlfn.CONCAT(B96:C96) -> B-2302 | B96: B | C96: -2302 | D96: Dr.Rahul Gautam | F96: =VLOOKUP(A96,'Gulshan Dynasty Directory'!A:E,6,0) -> #N/A | G96: =F96=D96 -> #N/A
A97: =_xlfn.CONCAT(B97:C97) -> B2401 | B97: B | C97: 2401 | D97: Kamal Bhutani | F97: =VLOOKUP(A97,'Gulshan Dynasty Directory'!A:E,6,0) -> #N/A | G97: =F97=D97 -> #N/A
A98: =_xlfn.CONCAT(B98:C98) -> B2402 | B98: B | C98: 2402 | D98: Rajeev Singhal & Mani Singhal | F98: =VLOOKUP(A98,'Gulshan Dynasty Directory'!A:E,6,0) -> #N/A | G98: =F98=D98 -> #N/A
A99: =_xlfn.CONCAT(B99:C99) -> B2602 | B99: B | C99: 2602 | D99: Ashwini Kumar Singh & Archana Singh | F99: =VLOOKUP(A99,'Gulshan Dynasty Directory'!A:E,6,0) -> #N/A | G99: =F99=D99 -> #N/A
A100: =_xlfn.CONCAT(B100:C100) -> B2701 | B100: B | C100: 2701 | D100: Yogesh Mehndiratta | F100: =VLOOKUP(A100,'Gulshan Dynasty Directory'!A:E,6,0) -> #N/A | G100: =F100=D100 -> #N/A
A101: =_xlfn.CONCAT(B101:C101) -> B2702 | B101: B | C101: 2702 | D101: Ashish Gupta & Renu Gupta | F101: =VLOOKUP(A101,'Gulshan Dynasty Directory'!A:E,6,0) -> #N/A | G101: =F101=D101 -> #N/A
A102: =_xlfn.CONCAT(B102:C102) -> B2501 | B102: B | C102: 2501 | D102: Rajesh Sharma | F102: =VLOOKUP(A102,'Gulshan Dynasty Directory'!A:E,6,0) -> #N/A | G102: =F102=D102 -> #N/A
A103: =_xlfn.CONCAT(B103:C103) -> B2502 | B103: B | C103: 2502 | D103: Pradeep Kumar Sonthalia | F103: =VLOOKUP(A103,'Gulshan Dynasty Directory'!A:E,6,0) -> #N/A | G103: =F103=D103 -> #N/A
A104: =_xlfn.CONCAT(B104:C104) -> B2801 | B104: B | C104: 2801 | D104: Anita Puri | F104: =VLOOKUP(A104,'Gulshan Dynasty Directory'!A:E,6,0) -> #N/A | G104: =F104=D104 -> #N/A
A105: =_xlfn.CONCAT(B105:C105) -> B2802 | B105: B | C105: 2802 | D105: Preeti Kalra & Mohit Kalra | F105: =VLOOKUP(A105,'Gulshan Dynasty Directory'!A:E,6,0) -> #N/A | G105: =F105=D105 -> #N/A
... A112: =_xlfn.CONCAT(B112:C112) -> B3201 | B112: B | C112: 3201 | D112: Natasha Kacker & Ashok Kacker | F112: =VLOOKUP(A112,'Gulshan Dynasty Directory'!A:E,6,0) -> #N/A | G112: =F112=D112 -> #N/A
A113: =_xlfn.CONCAT(B113:C113) -> B3202 | B113: B | C113: 3202 | D113: Natasha Kacker & | E113: Manjari Kacker ( tenant ) | F113: =VLOOKUP(A113,'Gulshan Dynasty Directory'!A:E,6,0) -> #N/A | G113: =F113=D113 -> #N/A
A114: =_xlfn.CONCAT(B114:C114) -> B3301 | B114: B | C114: 3301 | D114: Ashu mittal / Romil Mittal | F114: =VLOOKUP(A114,'Gulshan Dynasty Directory'!A:E,6,0) -> #N/A | G114: =F114=D114 -> #N/A
A115: =_xlfn.CONCAT(B115:C115) -> B3402 | B115: B | C115: 3402 | D115: Harshit Jain | F115: =VLOOKUP(A115,'Gulshan Dynasty Directory'!A:E,6,0) -> #N/A | G115: =F115=D115 -> #N/A
A116: =_xlfn.CONCAT(B116:C116) -> C101 | B116: C | C116: 101 | D116: Satish Chander Gupta | F116: =VLOOKUP(A116,'Gulshan Dynasty Directory'!A:E,6,0) -> #N/A | G116: =F116=D116 -> #N/A
A117: =_xlfn.CONCAT(B117:C117) -> C102 | B117: C | C117: 102 | D117: YVLN Suresh | F117: =VLOOKUP(A117,'Gulshan Dynasty Directory'!A:E,6,0) -> #N/A | G117: =F117=D117 -> #N/A
A118: =_xlfn.CONCAT(B118:C118) -> C201 | B118: C | C118: 201 | D118: Ankit Tayal | F118: =VLOOKUP(A118,'Gulshan Dynasty Directory'!A:E,6,0) -> #N/A | G118: =F118=D118 -> #N/A
A119: =_xlfn.CONCAT(B119:C119) -> C301 | B119: C | C119: 301 | D119: Deepak Sapra | F119: =VLOOKUP(A119,'Gulshan Dynasty Directory'!A:E,6,0) -> #N/A | G119: =F119=D119 -> #N/A
A120: =_xlfn.CONCAT(B120:C120) -> C302 | B120: C | C120: 302 | D120: SEW PVT. LTD | F120: =VLOOKUP(A120,'Gulshan Dynasty Directory'!A:E,6,0) -> #N/A | G120: =F120=D120 -> #N/A
A121: =_xlfn.CONCAT(B121:C121) -> C401 | B121: C | C121: 401 | D121: Jitender Kumar Goel | F121: =VLOOKUP(A121,'Gulshan Dynasty Directory'!A:E,6,0) -> #N/A | G121: =F121=D121 -> #N/A
A122: =_xlfn.CONCAT(B122:C122) -> C402 | B122: C | C122: 402 | D122: Ritesh Goel | F122: =VLOOKUP(A122,'Gulshan Dynasty Directory'!A:E,6,0) -> #N/A | G122: =F122=D122 -> #N/A
A123: =_xlfn.CONCAT(B123:C123) -> C501 | B123: C | C123: 501 | D123: Nidhi Gupta | F123: =VLOOKUP(A123,'Gulshan Dynasty Directory'!A:E,6,0) -> #N/A | G123: =F123=D123 -> #N/A
A124: =_xlfn.CONCAT(B124:C124) -> C502 | B124: C | C124: 502 | D124: Sachin Gupta | F124: =VLOOKUP(A124,'Gulshan Dynasty Directory'!A:E,6,0) -> #N/A | G124: =F124=D124 -> #N/A
A125: =_xlfn.CONCAT(B125:C125) -> C601 | B125: C | C125: 601 | D125: Sarika Gupta & Nirmal Gupta | F125: =VLOOKUP(A125,'Gulshan Dynasty Directory'!A:E,6,0) -> #N/A | G125: =F125=D125 -> #N/A
... A129: =_xlfn.CONCAT(B129:C129) -> C802 | B129: C | C129: 802 | D129: Sagar Bhatia | F129: =VLOOKUP(A129,'Gulshan Dynasty Directory'!A:E,6,0) -> #N/A | G129: =F129=D129 -> #N/A
A130: =_xlfn.CONCAT(B130:C130) -> C901 | B130: C | C130: 901 | D130: Manish Kuchhal | E130: Riya Bajaj | F130: =VLOOKUP(A130,'Gulshan Dynasty Directory'!A:E,6,0) -> #N/A | G130: =F130=D130 -> #N/A
A131: =_xlfn.CONCAT(B131:C131) -> C902 | B131: C | C131: 902 | D131: Rini Kalra | F131: =VLOOKUP(A131,'Gulshan Dynasty Directory'!A:E,6,0) -> #N/A | G131: =F131=D131 -> #N/A
A132: =_xlfn.CONCAT(B132:C132) -> C1101 | B132: C | C132: 1101 | D132: Raman Vij | F132: =VLOOKUP(A132,'Gulshan Dynasty Directory'!A:E,6,0) -> #N/A | G132: =F132=D132 -> #N/A
A133: =_xlfn.CONCAT(B133:C133) -> C1102 | B133: C | C133: 1102 | D133: Ajay Batra Meenu Batra | F133: =VLOOKUP(A133,'Gulshan Dynasty Directory'!A:E,6,0) -> #N/A | G133: =F133=D133 -> #N/A
A134: =_xlfn.CONCAT(B134:C134) -> C1201 | B134: C | C134: 1201 | D134: Ms. Prachi Vaish | F134: =VLOOKUP(A134,'Gulshan Dynasty Directory'!A:E,6,0) -> #N/A | G134: =F134=D134 -> #N/A
A135: =_xlfn.CONCAT(B135:C135) -> C1401 | B135: C | C135: 1401 | D135: Manoj Sharma | F135: =VLOOKUP(A135,'Gulshan Dynasty Directory'!A:E,6,0) -> #N/A | G135: =F135=D135 -> #N/A
A136: =_xlfn.CONCAT(B136:C136) -> C1402 | B136: C | C136: 1402 | D136: Mohit Abhayraj Chajjer | F136: =VLOOKUP(A136,'Gulshan Dynasty Directory'!A:E,6,0) -> #N/A | G136: =F136=D136 -> #N/A
A137: =_xlfn.CONCAT(B137:C137) -> C1501 | B137: C | C137: 1501 | D137: Sachin Gupta | F137: =VLOOKUP(A137,'Gulshan Dynasty Directory'!A:E,6,0) -> #N/A | G137: =F137=D137 -> #N/A
A138: =_xlfn.CONCAT(B138:C138) -> C1502 | B138: C | C138: 1502 | D138: Tripti Gupta | F138: =VLOOKUP(A138,'Gulshan Dynasty Directory'!A:E,6,0) -> #N/A | G138: =F138=D138 -> #N/A
A139: =_xlfn.CONCAT(B139:C139) -> C1601 | B139: C | C139: 1601 | D139: Shelly Chopra & Rajeev Chopra | F139: =VLOOKUP(A139,'Gulshan Dynasty Directory'!A:E,6,0) -> #N/A | G139: =F139=D139 -> #N/A
A140: =_xlfn.CONCAT(B140:C140) -> C1602 | B140: C | C140: 1602 | D140: Vivek Rakheja | F140: =VLOOKUP(A140,'Gulshan Dynasty Directory'!A:E,6,0) -> #N/A | G140: =F140=D140 -> #N/A
A141: =_xlfn.CONCAT(B141:C141) -> C1701 | B141: C | C141: 1701 | D141: Sunil Sharma | F141: =VLOOKUP(A141,'Gulshan Dynasty Directory'!A:E,6,0) -> #N/A | G141: =F141=D141 -> #N/A
A142: =_xlfn.CONCAT(B142:C142) -> C1702 | B142: C | C142: 1702 | D142: Vipul Taneja & Navneet Kaur | F142: =VLOOKUP(A142,'Gulshan Dynasty Directory'!A:E,6,0) -> #N/A | G142: =F142=D142 -> #N/A
...

Sheet Sheet1
A2: Status | B2: (All)
A4: Count of Name | D4: Owner
A5: T | B5: Unit | C5: Name | D5: Owner | E5: Tenant
A6: A | B6: 1 | D6: 2
B7: 2 | D7: 2
B8: 101 | D8: 3
B9: 201 | D9: 2
B10: 401 | D10: 1
B11: 402 | D11: 2
B12: 501 | D12: 2
B13: 502 | D13: 1
B14: 601 | D14: 2
B15: 602 | D15: 1
B16: 702 | D16: 3
B17: 801 | D17: 2
B18: 802 | D18: 1
B19: 1101 | D19: 2
B20: 1102 | D20: 1 | E20: 2
B21: 1201 | D21: 1
B22: 1202 | D22: 2
B23: 1401 | D23: 2
B24: 1402 | D24: 1
B25: 1501 | D25: 3
B26: 1601 | D26: 2
B27: 1602 | D27: 3
B28: 1701 | D28: 2
B29: 1702 | D29: 2
B30: 1802 | D30: 1
B31: 2101 | D31: 3
B32: 2201 | D32: 2
... B50: 3202 | D50: 2
A51: B | B51: 1 | D51: 1
B52: 102 | D52: 1
B53: 202 | D53: 3
B54: 302 | D54: 2
B55: 501 | D55: 2
B56: 502 | D56: 1
B57: 601 | D57: 2
B58: 602 | D58: 1 | E58: 2
B59: 701 | D59: 2
B60: 801 | D60: 5
B61: 802 | D61: 2
B62: 902 | D62: 1
B63: 1001 | D63: 3
B64: 1202 | D64: 2
B65: 1401 | D65: 1
B66: 1402 | D66: 3
B67: 1502 | D67: 1
B68: 1701 | D68: 2
B69: 1702 | D69: 1
B70: 1801 | D70: 2
... B91: 3402 | D91: 1
A92: C | B92: 201 | D92: 2
B93: 202 | D93: 1
B94: 301 | D94: 1
B95: 401 | D95: 2
B96: 402 | D96: 2
B97: 501 | D97: 2
B98: 601 | D98: 1
B99: 602 | D99: 2 | E99: 2
B100: 701 | D100: 1
B101: 802 | D101: 2
B102: 901 | D102: 1 | E102: 2
B103: 902 | D103: 2
B104: 1001 | D104: 1
B105: 1002 | D105: 1
B106: 1101 | D106: 2
B107: 1201 | D107: 2
B108: 1401 | D108: 2
B109: 1402 | D109: 2
B110: 1501 | D110: 1
B111: 1502 | D111: 2
B112: 1601 | D112: 2
B113: 1602 | D113: 2
B114: 1701 | D114: 2
... B119: 2002 | D119: 4
B120: 2102 | E120: 2
B121: 2201 | D121: 2
B122: 2202 | D122: 2
B123: 2301 | D123: 3
B124: 2302 | D124: 3
B125: 2402 | D125: 2
B126: 2501 | D126: 2
B127: 2502 | D127: 1
B128: 2601 | D128: 2
B129: 2701 | D129: 2
B130: 2801 | D130: 1
B131: 2901 | D131: 2
B132: 3102 | D132: 2
... B134: 3202 | D134: 1
